"First_Author" , "Year" , "PubMedID" , "Disease" , "Region" , "Subregion"      , "Author_Region"                  , "Region_Code" , "FACS_Sorted" , "Unbiased_Sampling" , "Platform"        , "Study"              , "Dataset"                                                  , "Plot_Label"     , "Author_No.Nuclei" , "Author_No.Cell_Types" , "Author_Median_UMIs_PC" , "Author_Median_Unique_Genes_PC" , "Directory"                                                         , "Author_Counts"                                                                                            , "Author_Barcodes"                                                                                            , "Author_Genes"                                                                                            , "Author_Barcode_Annotations"                                                                                                   , "Author_Genes_Mapped"                                                                                                                                      , "Author_Counts_PC_Genes"                                                                                                                                      , "Author_Normalized_Counts_PC_Genes"                                                                                                                                , "Author_Barcode_Annotations_MO"                                                                                                                                    , "Author_Counts_PC_Genes_CT_Stats"                                                                                                                           , "Author_Mean_Expr_Counts_PC_Genes"                                                                                                                             , "Author_Mean_Expr_Normalized_Counts_PC_Genes"                                                                                                                             , "Author_Cell_Class_Mean_Expr_Normalized_Counts_PC_Genes"                                                                                                                             , "Author_CT_Mean_Expr_Normalized_Counts_PC_Genes"                                                                                                                                    , "Author_DecontX_Counts_PC_Genes"                                                                                                                         , "Author_Normalized_DecontX_Counts_PC_Genes"                                                                                                                         , "Author_CT_Mean_Expr_Normalized_DecontX_Counts_PC_Genes"
"Agarwal"      , 2020   , 32826893   , "Normal"  , "Cortex" , "Frontal cortex" , "Middle frontal gyrus"           , "FC"          , "Y"           , "N"                 , "10x Chromium V2" , "Agarwal 2020"       , "Agarwal_2020_10x_Chromium_V2_Middle_frontal_gyrus"        , "Agarwal MFG"    , 10706              , 23                     , 5010.5                  , 2795                            , "/home/shared/scsn.expr_data/human_expr/postnatal/agarwal_2020/"    , "/home/shared/scsn.expr_data/human_expr/postnatal/agarwal_2020/cortex/matrix_cortex_annotated.mtx"         , "/home/shared/scsn.expr_data/human_expr/postnatal/agarwal_2020/cortex/barcodes_cortex_annotated.tsv"         , "/home/shared/scsn.expr_data/human_expr/postnatal/agarwal_2020/cortex/genes_cortex.tsv"                   , "/home/shared/scsn.expr_data/human_expr/postnatal/agarwal_2020/cortex/author_barcode_annotations_cortex.csv"                   , "/home/rebecca/SCSN_meta_analysis/frontal_cortex/prelim/03_map_identifiers/data/Agarwal_2020_10x_Chromium_V2_Middle_frontal_gyrus_genes_mapped.csv"        , "/home/rebecca/SCSN_meta_analysis/frontal_cortex/prelim/04_filter_expr/data/Agarwal_2020_10x_Chromium_V2_Middle_frontal_gyrus_expression_filtered.RDS"        , "/home/rebecca/SCSN_meta_analysis/frontal_cortex/prelim/05_normalize_expr/data/Agarwal_2020_10x_Chromium_V2_Middle_frontal_gyrus_expression_normalized.RDS"        , "/home/rebecca/SCSN_meta_analysis/frontal_cortex/prelim/06_cell_metadata/data/Agarwal_2020_10x_Chromium_V2_Middle_frontal_gyrus_barcode_annotations_MO.csv"        , "/home/rebecca/SCSN_meta_analysis/frontal_cortex/prelim/07_summary_stats/data/Agarwal_2020_10x_Chromium_V2_Middle_frontal_gyrus_cell_type_stats.csv"        , "/home/rebecca/SCSN_meta_analysis/frontal_cortex/prelim/08_mean_expr/data/Agarwal_2020_10x_Chromium_V2_Middle_frontal_gyrus_counts_mean_expression.RDS"        , "/home/rebecca/SCSN_meta_analysis/frontal_cortex/prelim/08_mean_expr/data/Agarwal_2020_10x_Chromium_V2_Middle_frontal_gyrus_normalized_counts_mean_expression.RDS"        , "/home/rebecca/SCSN_meta_analysis/frontal_cortex/prelim/08_mean_expr/data/Agarwal_2020_10x_Chromium_V2_Middle_frontal_gyrus_normalized_counts_cell_class_mean_expression.RDS"        , "/home/rebecca/SCSN_meta_analysis/frontal_cortex/prelim/08_mean_expr/data/Agarwal_2020_10x_Chromium_V2_Middle_frontal_gyrus_normalized_counts_cell_type_mean_expression.RDS"        , "/home/rebecca/SCSN_meta_analysis/frontal_cortex/prelim/09_DecontX/data/Agarwal_2020_10x_Chromium_V2_Middle_frontal_gyrus_expression_DecontX.RDS"        , "/home/rebecca/SCSN_meta_analysis/frontal_cortex/prelim/09_DecontX/data/Agarwal_2020_10x_Chromium_V2_Middle_frontal_gyrus_expression_DecontX_normalized.RDS"        , "/home/rebecca/SCSN_meta_analysis/frontal_cortex/prelim/09_DecontX/data/Agarwal_2020_10x_Chromium_V2_Middle_frontal_gyrus_DecontX_normalized_counts_cell_type_mean_expression.RDS"
"Bakken"       , 2019   , 34616062   , "Normal"  , "Cortex" , "Frontal cortex" , "M1"                             , "FC"          , "Y"           , "N"                 , "SMART-Seq v4"    , "Bakken 2019"        , "Bakken_2019_SMART-Seq_v4_M1"                              , "Bakken M1 SSv4" , 10267              , 129                    , 869084                  , 6124                            , "/home/shared/scsn.expr_data/human_expr/postnatal/bakken_2019/"     , "/home/shared/scsn.expr_data/human_expr/postnatal/bakken_2019/SSv4/NeMO/matrix_SSv4_annotated.mtx"         , "/home/shared/scsn.expr_data/human_expr/postnatal/bakken_2019/SSv4/NeMO/barcodes_SSv4_annotated.tsv"         , "/home/shared/scsn.expr_data/human_expr/postnatal/bakken_2019/SSv4/NeMO/genes_SSv4.tsv"                   , "/home/shared/scsn.expr_data/human_expr/postnatal/bakken_2019/SSv4/NeMO/author_barcode_annotations_SSv4.csv"                   , "/home/rebecca/SCSN_meta_analysis/frontal_cortex/prelim/03_map_identifiers/data/Bakken_2019_SMART-Seq_v4_M1_genes_mapped.csv"                              , "/home/rebecca/SCSN_meta_analysis/frontal_cortex/prelim/04_filter_expr/data/Bakken_2019_SMART-Seq_v4_M1_expression_filtered.RDS"                              , "/home/rebecca/SCSN_meta_analysis/frontal_cortex/prelim/05_normalize_expr/data/Bakken_2019_SMART-Seq_v4_M1_expression_normalized.RDS"                              , "/home/rebecca/SCSN_meta_analysis/frontal_cortex/prelim/06_cell_metadata/data/Bakken_2019_SMART-Seq_v4_M1_barcode_annotations_MO.csv"                              , "/home/rebecca/SCSN_meta_analysis/frontal_cortex/prelim/07_summary_stats/data/Bakken_2019_SMART-Seq_v4_M1_cell_type_stats.csv"                              , "/home/rebecca/SCSN_meta_analysis/frontal_cortex/prelim/08_mean_expr/data/Bakken_2019_SMART-Seq_v4_M1_counts_mean_expression.RDS"                              , "/home/rebecca/SCSN_meta_analysis/frontal_cortex/prelim/08_mean_expr/data/Bakken_2019_SMART-Seq_v4_M1_normalized_counts_mean_expression.RDS"                              , "/home/rebecca/SCSN_meta_analysis/frontal_cortex/prelim/08_mean_expr/data/Bakken_2019_SMART-Seq_v4_M1_normalized_counts_cell_class_mean_expression.RDS"                              , "/home/rebecca/SCSN_meta_analysis/frontal_cortex/prelim/08_mean_expr/data/Bakken_2019_SMART-Seq_v4_M1_normalized_counts_cell_type_mean_expression.RDS"                              , "/home/rebecca/SCSN_meta_analysis/frontal_cortex/prelim/09_DecontX/data/Bakken_2019_SMART-Seq_v4_M1_expression_DecontX.RDS"                              , "/home/rebecca/SCSN_meta_analysis/frontal_cortex/prelim/09_DecontX/data/Bakken_2019_SMART-Seq_v4_M1_expression_DecontX_normalized.RDS"                              , "/home/rebecca/SCSN_meta_analysis/frontal_cortex/prelim/09_DecontX/data/Bakken_2019_SMART-Seq_v4_M1_DecontX_normalized_counts_cell_type_mean_expression.RDS"
"Bakken"       , 2019   , 34616062   , "Normal"  , "Cortex" , "Frontal cortex" , "M1"                             , "FC"          , "Y"           , "N"                 , "10x Chromium V3" , "Bakken 2019"        , "Bakken_2019_10x_Chromium_V3_M1"                           , "Bakken M1 10x"  , 76621              , 128                    , 17521                   , 4903                            , "/home/shared/scsn.expr_data/human_expr/postnatal/bakken_2019/"     , "/home/shared/scsn.expr_data/human_expr/postnatal/bakken_2019/10x/NeMO/matrix_10x.mtx"                     , "/home/shared/scsn.expr_data/human_expr/postnatal/bakken_2019/10x/NeMO/barcodes_10x.tsv"                     , "/home/shared/scsn.expr_data/human_expr/postnatal/bakken_2019/10x/NeMO/genes_10x.tsv"                     , "/home/shared/scsn.expr_data/human_expr/postnatal/bakken_2019/10x/NeMO/author_barcode_annotations_10x.csv"                     , "/home/rebecca/SCSN_meta_analysis/frontal_cortex/prelim/03_map_identifiers/data/Bakken_2019_10x_Chromium_V3_M1_genes_mapped.csv"                           , "/home/rebecca/SCSN_meta_analysis/frontal_cortex/prelim/04_filter_expr/data/Bakken_2019_10x_Chromium_V3_M1_expression_filtered.RDS"                           , "/home/rebecca/SCSN_meta_analysis/frontal_cortex/prelim/05_normalize_expr/data/Bakken_2019_10x_Chromium_V3_M1_expression_normalized.RDS"                           , "/home/rebecca/SCSN_meta_analysis/frontal_cortex/prelim/06_cell_metadata/data/Bakken_2019_10x_Chromium_V3_M1_barcode_annotations_MO.csv"                           , "/home/rebecca/SCSN_meta_analysis/frontal_cortex/prelim/07_summary_stats/data/Bakken_2019_10x_Chromium_V3_M1_cell_type_stats.csv"                           , "/home/rebecca/SCSN_meta_analysis/frontal_cortex/prelim/08_mean_expr/data/Bakken_2019_10x_Chromium_V3_M1_counts_mean_expression.RDS"                           , "/home/rebecca/SCSN_meta_analysis/frontal_cortex/prelim/08_mean_expr/data/Bakken_2019_10x_Chromium_V3_M1_normalized_counts_mean_expression.RDS"                           , "/home/rebecca/SCSN_meta_analysis/frontal_cortex/prelim/08_mean_expr/data/Bakken_2019_10x_Chromium_V3_M1_normalized_counts_cell_class_mean_expression.RDS"                           , "/home/rebecca/SCSN_meta_analysis/frontal_cortex/prelim/08_mean_expr/data/Bakken_2019_10x_Chromium_V3_M1_normalized_counts_cell_type_mean_expression.RDS"                           , "/home/rebecca/SCSN_meta_analysis/frontal_cortex/prelim/09_DecontX/data/Bakken_2019_10x_Chromium_V3_M1_expression_DecontX.RDS"                           , "/home/rebecca/SCSN_meta_analysis/frontal_cortex/prelim/09_DecontX/data/Bakken_2019_10x_Chromium_V3_M1_expression_DecontX_normalized.RDS"                           , "/home/rebecca/SCSN_meta_analysis/frontal_cortex/prelim/09_DecontX/data/Bakken_2019_10x_Chromium_V3_M1_DecontX_normalized_counts_cell_type_mean_expression.RDS"
"Habib"        , 2017   , 28846088   , "Normal"  , "Cortex" , "Frontal cortex" , "Prefrontal cortex"              , "FC"          , "N"           , "Y"                 , "DroNc-seq"       , "Habib 2017"         , "Habib_2017_DroNc-seq_Prefrontal_cortex"                   , "Habib PFC"      , 5234               , 14                     , 728                     , 626                             , "/home/shared/scsn.expr_data/human_expr/postnatal/habib_2017/"      , "/home/shared/scsn.expr_data/human_expr/postnatal/habib_2017/PFC/expression_PFC.csv"                       , "/home/shared/scsn.expr_data/human_expr/postnatal/habib_2017/PFC/barcodes_PFC.tsv"                           , "/home/shared/scsn.expr_data/human_expr/postnatal/habib_2017/PFC/genes_PFC.tsv"                           , "/home/shared/scsn.expr_data/human_expr/postnatal/habib_2017/PFC/author_barcode_annotations_PFC.csv"                           , "/home/rebecca/SCSN_meta_analysis/frontal_cortex/prelim/03_map_identifiers/data/Habib_2017_DroNc-seq_Prefrontal_cortex_genes_mapped.csv"                   , "/home/rebecca/SCSN_meta_analysis/frontal_cortex/prelim/04_filter_expr/data/Habib_2017_DroNc-seq_Prefrontal_cortex_expression_filtered.RDS"                   , "/home/rebecca/SCSN_meta_analysis/frontal_cortex/prelim/05_normalize_expr/data/Habib_2017_DroNc-seq_Prefrontal_cortex_expression_normalized.RDS"                   , "/home/rebecca/SCSN_meta_analysis/frontal_cortex/prelim/06_cell_metadata/data/Habib_2017_DroNc-seq_Prefrontal_cortex_barcode_annotations_MO.csv"                   , "/home/rebecca/SCSN_meta_analysis/frontal_cortex/prelim/07_summary_stats/data/Habib_2017_DroNc-seq_Prefrontal_cortex_cell_type_stats.csv"                   , "/home/rebecca/SCSN_meta_analysis/frontal_cortex/prelim/08_mean_expr/data/Habib_2017_DroNc-seq_Prefrontal_cortex_counts_mean_expression.RDS"                   , "/home/rebecca/SCSN_meta_analysis/frontal_cortex/prelim/08_mean_expr/data/Habib_2017_DroNc-seq_Prefrontal_cortex_normalized_counts_mean_expression.RDS"                   , "/home/rebecca/SCSN_meta_analysis/frontal_cortex/prelim/08_mean_expr/data/Habib_2017_DroNc-seq_Prefrontal_cortex_normalized_counts_cell_class_mean_expression.RDS"                   , "/home/rebecca/SCSN_meta_analysis/frontal_cortex/prelim/08_mean_expr/data/Habib_2017_DroNc-seq_Prefrontal_cortex_normalized_counts_cell_type_mean_expression.RDS"                   , "/home/rebecca/SCSN_meta_analysis/frontal_cortex/prelim/09_DecontX/data/Habib_2017_DroNc-seq_Prefrontal_cortex_expression_DecontX.RDS"                   , "/home/rebecca/SCSN_meta_analysis/frontal_cortex/prelim/09_DecontX/data/Habib_2017_DroNc-seq_Prefrontal_cortex_expression_DecontX_normalized.RDS"                   , "/home/rebecca/SCSN_meta_analysis/frontal_cortex/prelim/09_DecontX/data/Habib_2017_DroNc-seq_Prefrontal_cortex_DecontX_normalized_counts_cell_type_mean_expression.RDS"
"Lake"         , 2018   , 29227469   , "Normal"  , "Cortex" , "Frontal cortex" , "BA6 | BA10"                     , "FC"          , "Y"           , "Y"                 , "snDrop-seq"      , "Lake 2018"          , "Lake_2018_snDrop-seq_BA6_BA10"                            , "Lake BA6        , BA10"              , 10319                  , 24                      , 705                             , 563                                                                 , "/home/shared/scsn.expr_data/human_expr/postnatal/lake_2018/"                                              , "/home/shared/scsn.expr_data/human_expr/postnatal/lake_2018/FCX/expression_FCX.csv"                          , "/home/shared/scsn.expr_data/human_expr/postnatal/lake_2018/FCX/barcodes_FCX.tsv"                         , "/home/shared/scsn.expr_data/human_expr/postnatal/lake_2018/FCX/genes_FCX.tsv"                                                 , "/home/shared/scsn.expr_data/human_expr/postnatal/lake_2018/FCX/author_barcode_annotations_FCX.csv"                                                        , "/home/rebecca/SCSN_meta_analysis/frontal_cortex/prelim/03_map_identifiers/data/Lake_2018_snDrop-seq_BA6_BA10_genes_mapped.csv"                               , "/home/rebecca/SCSN_meta_analysis/frontal_cortex/prelim/04_filter_expr/data/Lake_2018_snDrop-seq_BA6_BA10_expression_filtered.RDS"                                 , "/home/rebecca/SCSN_meta_analysis/frontal_cortex/prelim/05_normalize_expr/data/Lake_2018_snDrop-seq_BA6_BA10_expression_normalized.RDS"                            , "/home/rebecca/SCSN_meta_analysis/frontal_cortex/prelim/06_cell_metadata/data/Lake_2018_snDrop-seq_BA6_BA10_barcode_annotations_MO.csv"                     , "/home/rebecca/SCSN_meta_analysis/frontal_cortex/prelim/07_summary_stats/data/Lake_2018_snDrop-seq_BA6_BA10_cell_type_stats.csv"                               , "/home/rebecca/SCSN_meta_analysis/frontal_cortex/prelim/08_mean_expr/data/Lake_2018_snDrop-seq_BA6_BA10_counts_mean_expression.RDS"                                       , "/home/rebecca/SCSN_meta_analysis/frontal_cortex/prelim/08_mean_expr/data/Lake_2018_snDrop-seq_BA6_BA10_normalized_counts_mean_expression.RDS"                                       , "/home/rebecca/SCSN_meta_analysis/frontal_cortex/prelim/08_mean_expr/data/Lake_2018_snDrop-seq_BA6_BA10_normalized_counts_cell_class_mean_expression.RDS"                           , "/home/rebecca/SCSN_meta_analysis/frontal_cortex/prelim/08_mean_expr/data/Lake_2018_snDrop-seq_BA6_BA10_normalized_counts_cell_type_mean_expression.RDS" , "/home/rebecca/SCSN_meta_analysis/frontal_cortex/prelim/09_DecontX/data/Lake_2018_snDrop-seq_BA6_BA10_expression_DecontX.RDS"                                       , "/home/rebecca/SCSN_meta_analysis/frontal_cortex/prelim/09_DecontX/data/Lake_2018_snDrop-seq_BA6_BA10_expression_DecontX_normalized.RDS"                                                  , "/home/rebecca/SCSN_meta_analysis/frontal_cortex/prelim/09_DecontX/data/Lake_2018_snDrop-seq_BA6_BA10_DecontX_normalized_counts_cell_type_mean_expression.RDS"
"Li"           , 2018   , 30545854   , "Normal"  , "Cortex" , "Frontal cortex" , "BA9"                            , "FC"          , "N"           , "Y"                 , "10x Chromium V2" , "Li 2018"            , "Li_2018_10x_Chromium_V2_BA9"                              , "Li BA9"         , 17062              , 29                     , 3450                    , 2169                            , "/home/shared/scsn.expr_data/human_expr/postnatal/li_2018/"         , "/home/shared/scsn.expr_data/human_expr/postnatal/li_2018/matrix.mtx"                                      , "/home/shared/scsn.expr_data/human_expr/postnatal/li_2018/barcodes.tsv"                                      , "/home/shared/scsn.expr_data/human_expr/postnatal/li_2018/genes.tsv"                                      , "/home/shared/scsn.expr_data/human_expr/postnatal/li_2018/author_barcode_annotations.csv"                                      , "/home/rebecca/SCSN_meta_analysis/frontal_cortex/prelim/03_map_identifiers/data/Li_2018_10x_Chromium_V2_BA9_genes_mapped.csv"                              , "/home/rebecca/SCSN_meta_analysis/frontal_cortex/prelim/04_filter_expr/data/Li_2018_10x_Chromium_V2_BA9_expression_filtered.RDS"                              , "/home/rebecca/SCSN_meta_analysis/frontal_cortex/prelim/05_normalize_expr/data/Li_2018_10x_Chromium_V2_BA9_expression_normalized.RDS"                              , "/home/rebecca/SCSN_meta_analysis/frontal_cortex/prelim/06_cell_metadata/data/Li_2018_10x_Chromium_V2_BA9_barcode_annotations_MO.csv"                              , "/home/rebecca/SCSN_meta_analysis/frontal_cortex/prelim/07_summary_stats/data/Li_2018_10x_Chromium_V2_BA9_cell_type_stats.csv"                              , "/home/rebecca/SCSN_meta_analysis/frontal_cortex/prelim/08_mean_expr/data/Li_2018_10x_Chromium_V2_BA9_counts_mean_expression.RDS"                              , "/home/rebecca/SCSN_meta_analysis/frontal_cortex/prelim/08_mean_expr/data/Li_2018_10x_Chromium_V2_BA9_normalized_counts_mean_expression.RDS"                              , "/home/rebecca/SCSN_meta_analysis/frontal_cortex/prelim/08_mean_expr/data/Li_2018_10x_Chromium_V2_BA9_normalized_counts_cell_class_mean_expression.RDS"                              , "/home/rebecca/SCSN_meta_analysis/frontal_cortex/prelim/08_mean_expr/data/Li_2018_10x_Chromium_V2_BA9_normalized_counts_cell_type_mean_expression.RDS"                              , "/home/rebecca/SCSN_meta_analysis/frontal_cortex/prelim/09_DecontX/data/Li_2018_10x_Chromium_V2_BA9_expression_DecontX.RDS"                              , "/home/rebecca/SCSN_meta_analysis/frontal_cortex/prelim/09_DecontX/data/Li_2018_10x_Chromium_V2_BA9_expression_DecontX_normalized.RDS"                              , "/home/rebecca/SCSN_meta_analysis/frontal_cortex/prelim/09_DecontX/data/Li_2018_10x_Chromium_V2_BA9_DecontX_normalized_counts_cell_type_mean_expression.RDS"
"Mathys"       , 2019   , 31042697   , "Normal"  , "Cortex" , "Frontal cortex" , "BA10"                           , "FC"          , "N"           , "Y"                 , "10x Chromium V3" , "Mathys 2019"        , "Mathys_2019_10x_Chromium_V3_BA10"                         , "Mathys BA10"    , 33441              , 44                     , 1851                    , 1293                            , "/home/shared/scsn.expr_data/human_expr/postnatal/mathys_2019/"     , "/home/shared/scsn.expr_data/human_expr/postnatal/mathys_2019/skinnider_2021/controls/matrix_controls.mtx" , "/home/shared/scsn.expr_data/human_expr/postnatal/mathys_2019/skinnider_2021/controls/barcodes_controls.tsv" , "/home/shared/scsn.expr_data/human_expr/postnatal/mathys_2019/skinnider_2021/controls/genes_controls.tsv" , "/home/shared/scsn.expr_data/human_expr/postnatal/mathys_2019/skinnider_2021/controls/author_barcode_annotations_controls.csv" , "/home/rebecca/SCSN_meta_analysis/frontal_cortex/prelim/03_map_identifiers/data/Mathys_2019_10x_Chromium_V3_BA10_genes_mapped.csv"                         , "/home/rebecca/SCSN_meta_analysis/frontal_cortex/prelim/04_filter_expr/data/Mathys_2019_10x_Chromium_V3_BA10_expression_filtered.RDS"                         , "/home/rebecca/SCSN_meta_analysis/frontal_cortex/prelim/05_normalize_expr/data/Mathys_2019_10x_Chromium_V3_BA10_expression_normalized.RDS"                         , "/home/rebecca/SCSN_meta_analysis/frontal_cortex/prelim/06_cell_metadata/data/Mathys_2019_10x_Chromium_V3_BA10_barcode_annotations_MO.csv"                         , "/home/rebecca/SCSN_meta_analysis/frontal_cortex/prelim/07_summary_stats/data/Mathys_2019_10x_Chromium_V3_BA10_cell_type_stats.csv"                         , "/home/rebecca/SCSN_meta_analysis/frontal_cortex/prelim/08_mean_expr/data/Mathys_2019_10x_Chromium_V3_BA10_counts_mean_expression.RDS"                         , "/home/rebecca/SCSN_meta_analysis/frontal_cortex/prelim/08_mean_expr/data/Mathys_2019_10x_Chromium_V3_BA10_normalized_counts_mean_expression.RDS"                         , "/home/rebecca/SCSN_meta_analysis/frontal_cortex/prelim/08_mean_expr/data/Mathys_2019_10x_Chromium_V3_BA10_normalized_counts_cell_class_mean_expression.RDS"                         , "/home/rebecca/SCSN_meta_analysis/frontal_cortex/prelim/08_mean_expr/data/Mathys_2019_10x_Chromium_V3_BA10_normalized_counts_cell_type_mean_expression.RDS"                         , "/home/rebecca/SCSN_meta_analysis/frontal_cortex/prelim/09_DecontX/data/Mathys_2019_10x_Chromium_V3_BA10_expression_DecontX.RDS"                         , "/home/rebecca/SCSN_meta_analysis/frontal_cortex/prelim/09_DecontX/data/Mathys_2019_10x_Chromium_V3_BA10_expression_DecontX_normalized.RDS"                         , "/home/rebecca/SCSN_meta_analysis/frontal_cortex/prelim/09_DecontX/data/Mathys_2019_10x_Chromium_V3_BA10_DecontX_normalized_counts_cell_type_mean_expression.RDS"
"Schirmer"     , 2019   , 31316211   , "Normal"  , "Cortex" , "Frontal cortex" , "Frontal cortex"                 , "FC"          , "N"           , "Y"                 , "10x Chromium V2" , "Schirmer 2019"      , "Schirmer_2019_10x_Chromium_V2_Frontal_cortex"             , "Schirmer FC"    , 13561              , 19                     , 2717                    , 1552                            , "/home/shared/scsn.expr_data/human_expr/postnatal/schirmer_2019/"   , "/home/shared/scsn.expr_data/human_expr/postnatal/schirmer_2019/UCSC/FCX/matrix_FCX_controls.mtx"          , "/home/shared/scsn.expr_data/human_expr/postnatal/schirmer_2019/UCSC/FCX/barcodes_FCX_controls.tsv"          , "/home/shared/scsn.expr_data/human_expr/postnatal/schirmer_2019/UCSC/FCX/genes_FCX_controls.tsv"          , "/home/shared/scsn.expr_data/human_expr/postnatal/schirmer_2019/UCSC/FCX/author_barcode_annotations_FCX_controls.csv"          , "/home/rebecca/SCSN_meta_analysis/frontal_cortex/prelim/03_map_identifiers/data/Schirmer_2019_10x_Chromium_V2_Frontal_cortex_genes_mapped.csv"             , "/home/rebecca/SCSN_meta_analysis/frontal_cortex/prelim/04_filter_expr/data/Schirmer_2019_10x_Chromium_V2_Frontal_cortex_expression_filtered.RDS"             , "/home/rebecca/SCSN_meta_analysis/frontal_cortex/prelim/05_normalize_expr/data/Schirmer_2019_10x_Chromium_V2_Frontal_cortex_expression_normalized.RDS"             , "/home/rebecca/SCSN_meta_analysis/frontal_cortex/prelim/06_cell_metadata/data/Schirmer_2019_10x_Chromium_V2_Frontal_cortex_barcode_annotations_MO.csv"             , "/home/rebecca/SCSN_meta_analysis/frontal_cortex/prelim/07_summary_stats/data/Schirmer_2019_10x_Chromium_V2_Frontal_cortex_cell_type_stats.csv"             , "/home/rebecca/SCSN_meta_analysis/frontal_cortex/prelim/08_mean_expr/data/Schirmer_2019_10x_Chromium_V2_Frontal_cortex_counts_mean_expression.RDS"             , "/home/rebecca/SCSN_meta_analysis/frontal_cortex/prelim/08_mean_expr/data/Schirmer_2019_10x_Chromium_V2_Frontal_cortex_normalized_counts_mean_expression.RDS"             , "/home/rebecca/SCSN_meta_analysis/frontal_cortex/prelim/08_mean_expr/data/Schirmer_2019_10x_Chromium_V2_Frontal_cortex_normalized_counts_cell_class_mean_expression.RDS"             , "/home/rebecca/SCSN_meta_analysis/frontal_cortex/prelim/08_mean_expr/data/Schirmer_2019_10x_Chromium_V2_Frontal_cortex_normalized_counts_cell_type_mean_expression.RDS"             , "/home/rebecca/SCSN_meta_analysis/frontal_cortex/prelim/09_DecontX/data/Schirmer_2019_10x_Chromium_V2_Frontal_cortex_expression_DecontX.RDS"             , "/home/rebecca/SCSN_meta_analysis/frontal_cortex/prelim/09_DecontX/data/Schirmer_2019_10x_Chromium_V2_Frontal_cortex_expression_DecontX_normalized.RDS"             , "/home/rebecca/SCSN_meta_analysis/frontal_cortex/prelim/09_DecontX/data/Schirmer_2019_10x_Chromium_V2_Frontal_cortex_DecontX_normalized_counts_cell_type_mean_expression.RDS"
"Tran"         , 2020   , 34582785   , "Normal"  , "Cortex" , "Frontal cortex" , "Dorsolateral prefrontal cortex" , "FC"          , "Y"           , "Y"                 , "10x Chromium V3" , "Tran 2020"          , "Tran_2020_10x_Chromium_V3_Dorsolateral_prefrontal_cortex" , "Tran DLPFC"     , 11202              , 19                     , 7358                    , 2653                            , "/home/shared/scsn.expr_data/human_expr/postnatal/tran_2020/"       , "/home/shared/scsn.expr_data/human_expr/postnatal/tran_2020/DLPFC/matrix_DLPFC.mtx"                        , "/home/shared/scsn.expr_data/human_expr/postnatal/tran_2020/DLPFC/barcodes_DLPFC.tsv"                        , "/home/shared/scsn.expr_data/human_expr/postnatal/tran_2020/DLPFC/genes_DLPFC.tsv"                        , "/home/shared/scsn.expr_data/human_expr/postnatal/tran_2020/DLPFC/author_barcode_annotations_DLPFC.csv"                        , "/home/rebecca/SCSN_meta_analysis/frontal_cortex/prelim/03_map_identifiers/data/Tran_2020_10x_Chromium_V3_Dorsolateral_prefrontal_cortex_genes_mapped.csv" , "/home/rebecca/SCSN_meta_analysis/frontal_cortex/prelim/04_filter_expr/data/Tran_2020_10x_Chromium_V3_Dorsolateral_prefrontal_cortex_expression_filtered.RDS" , "/home/rebecca/SCSN_meta_analysis/frontal_cortex/prelim/05_normalize_expr/data/Tran_2020_10x_Chromium_V3_Dorsolateral_prefrontal_cortex_expression_normalized.RDS" , "/home/rebecca/SCSN_meta_analysis/frontal_cortex/prelim/06_cell_metadata/data/Tran_2020_10x_Chromium_V3_Dorsolateral_prefrontal_cortex_barcode_annotations_MO.csv" , "/home/rebecca/SCSN_meta_analysis/frontal_cortex/prelim/07_summary_stats/data/Tran_2020_10x_Chromium_V3_Dorsolateral_prefrontal_cortex_cell_type_stats.csv" , "/home/rebecca/SCSN_meta_analysis/frontal_cortex/prelim/08_mean_expr/data/Tran_2020_10x_Chromium_V3_Dorsolateral_prefrontal_cortex_counts_mean_expression.RDS" , "/home/rebecca/SCSN_meta_analysis/frontal_cortex/prelim/08_mean_expr/data/Tran_2020_10x_Chromium_V3_Dorsolateral_prefrontal_cortex_normalized_counts_mean_expression.RDS" , "/home/rebecca/SCSN_meta_analysis/frontal_cortex/prelim/08_mean_expr/data/Tran_2020_10x_Chromium_V3_Dorsolateral_prefrontal_cortex_normalized_counts_cell_class_mean_expression.RDS" , "/home/rebecca/SCSN_meta_analysis/frontal_cortex/prelim/08_mean_expr/data/Tran_2020_10x_Chromium_V3_Dorsolateral_prefrontal_cortex_normalized_counts_cell_type_mean_expression.RDS" , "/home/rebecca/SCSN_meta_analysis/frontal_cortex/prelim/09_DecontX/data/Tran_2020_10x_Chromium_V3_Dorsolateral_prefrontal_cortex_expression_DecontX.RDS" , "/home/rebecca/SCSN_meta_analysis/frontal_cortex/prelim/09_DecontX/data/Tran_2020_10x_Chromium_V3_Dorsolateral_prefrontal_cortex_expression_DecontX_normalized.RDS" , "/home/rebecca/SCSN_meta_analysis/frontal_cortex/prelim/09_DecontX/data/Tran_2020_10x_Chromium_V3_Dorsolateral_prefrontal_cortex_DecontX_normalized_counts_cell_type_mean_expression.RDS"
"Velmeshev"    , 2019   , 31097668   , "Normal"  , "Cortex" , "Frontal cortex" , "Prefrontal cortex"              , "FC"          , "N"           , "Y"                 , "10x Chromium V2" , "Velmeshev 2019"     , "Velmeshev_2019_10x_Chromium_V2_Prefrontal_cortex"         , "Velmeshev PFC"  , 12565              , 17                     , 1895                    , 1241                            , "/home/shared/scsn.expr_data/human_expr/postnatal/velmeshev_2019/"  , "/home/shared/scsn.expr_data/human_expr/postnatal/velmeshev_2019/PFC/matrix_PFC_adult_controls.mtx"        , "/home/shared/scsn.expr_data/human_expr/postnatal/velmeshev_2019/PFC/barcodes_PFC_adult_controls.tsv"        , "/home/shared/scsn.expr_data/human_expr/postnatal/velmeshev_2019/PFC/genes_PFC_adult_controls.tsv"        , "/home/shared/scsn.expr_data/human_expr/postnatal/velmeshev_2019/PFC/author_barcode_annotations_PFC_adult_controls.csv"        , "/home/rebecca/SCSN_meta_analysis/frontal_cortex/prelim/03_map_identifiers/data/Velmeshev_2019_10x_Chromium_V2_Prefrontal_cortex_genes_mapped.csv"         , "/home/rebecca/SCSN_meta_analysis/frontal_cortex/prelim/04_filter_expr/data/Velmeshev_2019_10x_Chromium_V2_Prefrontal_cortex_expression_filtered.RDS"         , "/home/rebecca/SCSN_meta_analysis/frontal_cortex/prelim/05_normalize_expr/data/Velmeshev_2019_10x_Chromium_V2_Prefrontal_cortex_expression_normalized.RDS"         , "/home/rebecca/SCSN_meta_analysis/frontal_cortex/prelim/06_cell_metadata/data/Velmeshev_2019_10x_Chromium_V2_Prefrontal_cortex_barcode_annotations_MO.csv"         , "/home/rebecca/SCSN_meta_analysis/frontal_cortex/prelim/07_summary_stats/data/Velmeshev_2019_10x_Chromium_V2_Prefrontal_cortex_cell_type_stats.csv"         , "/home/rebecca/SCSN_meta_analysis/frontal_cortex/prelim/08_mean_expr/data/Velmeshev_2019_10x_Chromium_V2_Prefrontal_cortex_counts_mean_expression.RDS"         , "/home/rebecca/SCSN_meta_analysis/frontal_cortex/prelim/08_mean_expr/data/Velmeshev_2019_10x_Chromium_V2_Prefrontal_cortex_normalized_counts_mean_expression.RDS"         , "/home/rebecca/SCSN_meta_analysis/frontal_cortex/prelim/08_mean_expr/data/Velmeshev_2019_10x_Chromium_V2_Prefrontal_cortex_normalized_counts_cell_class_mean_expression.RDS"         , "/home/rebecca/SCSN_meta_analysis/frontal_cortex/prelim/08_mean_expr/data/Velmeshev_2019_10x_Chromium_V2_Prefrontal_cortex_normalized_counts_cell_type_mean_expression.RDS"         , "/home/rebecca/SCSN_meta_analysis/frontal_cortex/prelim/09_DecontX/data/Velmeshev_2019_10x_Chromium_V2_Prefrontal_cortex_expression_DecontX.RDS"         , "/home/rebecca/SCSN_meta_analysis/frontal_cortex/prelim/09_DecontX/data/Velmeshev_2019_10x_Chromium_V2_Prefrontal_cortex_expression_DecontX_normalized.RDS"         , "/home/rebecca/SCSN_meta_analysis/frontal_cortex/prelim/09_DecontX/data/Velmeshev_2019_10x_Chromium_V2_Prefrontal_cortex_DecontX_normalized_counts_cell_type_mean_expression.RDS"
"Yang"         , 2021   , 34153974   , "Normal"  , "Cortex" , "Frontal cortex" , "Medial frontal gyrus"           , "FC"          , "N"           , "Y"                 , "10x Chromium V3" , "Yang COVID-19 2021" , "Yang_2021_10x_Chromium_V3_Medial_frontal_gyrus"           , "Yang MED FG"    , 13897              , 14                     , 2744                    , 1486                            , "/home/shared/scsn.expr_data/human_expr/postnatal/yang_2021_COVID/" , "/home/shared/scsn.expr_data/human_expr/postnatal/yang_2021_COVID/GEO/PFC/matrix_PFC_controls.mtx"         , "/home/shared/scsn.expr_data/human_expr/postnatal/yang_2021_COVID/GEO/PFC/barcodes_PFC_controls.tsv"         , "/home/shared/scsn.expr_data/human_expr/postnatal/yang_2021_COVID/GEO/PFC/genes_PFC_controls.tsv"         , "/home/shared/scsn.expr_data/human_expr/postnatal/yang_2021_COVID/GEO/PFC/author_barcode_annotations_PFC_controls.csv"         , "/home/rebecca/SCSN_meta_analysis/frontal_cortex/prelim/03_map_identifiers/data/Yang_2021_10x_Chromium_V3_Medial_frontal_gyrus_genes_mapped.csv"           , "/home/rebecca/SCSN_meta_analysis/frontal_cortex/prelim/04_filter_expr/data/Yang_2021_10x_Chromium_V3_Medial_frontal_gyrus_expression_filtered.RDS"           , "/home/rebecca/SCSN_meta_analysis/frontal_cortex/prelim/05_normalize_expr/data/Yang_2021_10x_Chromium_V3_Medial_frontal_gyrus_expression_normalized.RDS"           , "/home/rebecca/SCSN_meta_analysis/frontal_cortex/prelim/06_cell_metadata/data/Yang_2021_10x_Chromium_V3_Medial_frontal_gyrus_barcode_annotations_MO.csv"           , "/home/rebecca/SCSN_meta_analysis/frontal_cortex/prelim/07_summary_stats/data/Yang_2021_10x_Chromium_V3_Medial_frontal_gyrus_cell_type_stats.csv"           , "/home/rebecca/SCSN_meta_analysis/frontal_cortex/prelim/08_mean_expr/data/Yang_2021_10x_Chromium_V3_Medial_frontal_gyrus_counts_mean_expression.RDS"           , "/home/rebecca/SCSN_meta_analysis/frontal_cortex/prelim/08_mean_expr/data/Yang_2021_10x_Chromium_V3_Medial_frontal_gyrus_normalized_counts_mean_expression.RDS"           , "/home/rebecca/SCSN_meta_analysis/frontal_cortex/prelim/08_mean_expr/data/Yang_2021_10x_Chromium_V3_Medial_frontal_gyrus_normalized_counts_cell_class_mean_expression.RDS"           , "/home/rebecca/SCSN_meta_analysis/frontal_cortex/prelim/08_mean_expr/data/Yang_2021_10x_Chromium_V3_Medial_frontal_gyrus_normalized_counts_cell_type_mean_expression.RDS"           , "/home/rebecca/SCSN_meta_analysis/frontal_cortex/prelim/09_DecontX/data/Yang_2021_10x_Chromium_V3_Medial_frontal_gyrus_expression_DecontX.RDS"           , "/home/rebecca/SCSN_meta_analysis/frontal_cortex/prelim/09_DecontX/data/Yang_2021_10x_Chromium_V3_Medial_frontal_gyrus_expression_DecontX_normalized.RDS"           , "/home/rebecca/SCSN_meta_analysis/frontal_cortex/prelim/09_DecontX/data/Yang_2021_10x_Chromium_V3_Medial_frontal_gyrus_DecontX_normalized_counts_cell_type_mean_expression.RDS"
"Yang"         , 2021   , 35165441   , "Normal"  , "Cortex" , "Frontal cortex" , "Superior frontal cortex"        , "FC"          , "Y"           , "N"                 , "10x Chromium V3" , "Yang AD 2021"       , "Yang_2021_10x_Chromium_V3_Superior_frontal_cortex"        , "Yang SFG"       , NA                 , NA                     , NA                      , NA                              , "/home/shared/scsn.expr_data/human_expr/postnatal/yang_2021_AD/"    , "/home/shared/scsn.expr_data/human_expr/postnatal/yang_2021_AD/FCX/matrix_FCX_controls.mtx"                , "/home/shared/scsn.expr_data/human_expr/postnatal/yang_2021_AD/FCX/barcodes_FCX_controls.tsv"                , "/home/shared/scsn.expr_data/human_expr/postnatal/yang_2021_AD/FCX/genes_FCX_controls.tsv"                , NA                                                                                                                             , "/home/rebecca/SCSN_meta_analysis/frontal_cortex/prelim/03_map_identifiers/data/Yang_2021_10x_Chromium_V3_Superior_frontal_cortex_genes_mapped.csv"        , NA                                                                                                                                                            , NA                                                                                                                                                                 , NA                                                                                                                                                                 , NA                                                                                                                                                          , NA                                                                                                                                                             , NA                                                                                                                                                                        , NA                                                                                                                                                                                   , NA                                                                                                                                                                                  , NA                                                                                                                                                       , NA                                                                                                                                                                  , NA
"Nagy"         , 2020   , 32341540   , "Normal"  , "Cortex" , "Frontal cortex" , "BA9"                            , "FC"          , "N"           , "Y"                 , "10x Chromium V2" , "Nagy 2020"          , "Nagy_2020_10x_Chromium_V2_BA9"                            , "Nagy DLPFC"     , 32700              , 28                     , 2103                    , 1460                            , "/home/shared/scsn.expr_data/human_expr/postnatal/nagy_2020/"       , "/home/shared/scsn.expr_data/human_expr/postnatal/nagy_2020/controls/matrix_controls.mtx"                  , "/home/shared/scsn.expr_data/human_expr/postnatal/nagy_2020/controls/barcodes_controls.tsv"                  , "/home/shared/scsn.expr_data/human_expr/postnatal/nagy_2020/controls/genes_controls.tsv"                  , "/home/shared/scsn.expr_data/human_expr/postnatal/nagy_2020/controls/author_barcode_annotations_controls.csv"                  , "/home/rebecca/SCSN_meta_analysis/frontal_cortex/prelim/03_map_identifiers/data/Nagy_2020_10x_Chromium_V2_BA9_genes_mapped.csv"                            , "/home/rebecca/SCSN_meta_analysis/frontal_cortex/prelim/04_filter_expr/data/Nagy_2020_10x_Chromium_V2_BA9_expression_filtered.RDS"                            , "/home/rebecca/SCSN_meta_analysis/frontal_cortex/prelim/05_normalize_expr/data/Nagy_2020_10x_Chromium_V2_BA9_expression_normalized.RDS"                            , "/home/rebecca/SCSN_meta_analysis/frontal_cortex/prelim/06_cell_metadata/data/Nagy_2020_10x_Chromium_V2_BA9_barcode_annotations_MO.csv"                            , "/home/rebecca/SCSN_meta_analysis/frontal_cortex/prelim/07_summary_stats/data/Nagy_2020_10x_Chromium_V2_BA9_cell_type_stats.csv"                            , "/home/rebecca/SCSN_meta_analysis/frontal_cortex/prelim/08_mean_expr/data/Nagy_2020_10x_Chromium_V2_BA9_counts_mean_expression.RDS"                            , "/home/rebecca/SCSN_meta_analysis/frontal_cortex/prelim/08_mean_expr/data/Nagy_2020_10x_Chromium_V2_BA9_normalized_counts_mean_expression.RDS"                            , "/home/rebecca/SCSN_meta_analysis/frontal_cortex/prelim/08_mean_expr/data/Nagy_2020_10x_Chromium_V2_BA9_normalized_counts_cell_class_mean_expression.RDS"                            , "/home/rebecca/SCSN_meta_analysis/frontal_cortex/prelim/08_mean_expr/data/Nagy_2020_10x_Chromium_V2_BA9_normalized_counts_cell_type_mean_expression.RDS"                            , "/home/rebecca/SCSN_meta_analysis/frontal_cortex/prelim/09_DecontX/data/Nagy_2020_10x_Chromium_V2_BA9_expression_DecontX.RDS"                            , "/home/rebecca/SCSN_meta_analysis/frontal_cortex/prelim/09_DecontX/data/Nagy_2020_10x_Chromium_V2_BA9_expression_DecontX_normalized.RDS"                            , "/home/rebecca/SCSN_meta_analysis/frontal_cortex/prelim/09_DecontX/data/Nagy_2020_10x_Chromium_V2_BA9_DecontX_normalized_counts_cell_type_mean_expression.RDS"
"Fullard"      , 2021   , 34281603   , "Normal"  , "Cortex" , "Frontal cortex" , "Dorsolateral prefrontal cortex" , "FC"          , "N"           , "Y"                 , "10x Chromium"    , "Fullard 2021"       , "Fullard_2021_10x_Chromium_Dorsolateral_prefrontal_cortex" , "Fullard DLPFC"  , 10004              , 15                     , 6076                    , 2503.5                          , "/home/shared/scsn.expr_data/human_expr/postnatal/fullard_2021/"    , "/home/shared/scsn.expr_data/human_expr/postnatal/fullard_2021/DLPFC/matrix_PFC_controls.mtx"              , "/home/shared/scsn.expr_data/human_expr/postnatal/fullard_2021/DLPFC/barcodes_DLPFC_controls.tsv"            , "/home/shared/scsn.expr_data/human_expr/postnatal/fullard_2021/DLPFC/genes_DLPFC_controls.tsv"            , "/home/shared/scsn.expr_data/human_expr/postnatal/fullard_2021/DLPFC/author_barcode_annotations_DLPFC.csv"                     , "/home/rebecca/SCSN_meta_analysis/frontal_cortex/prelim/03_map_identifiers/data/Fullard_2021_10x_Chromium_Dorsolateral_prefrontal_cortex_genes_mapped.csv" , "/home/rebecca/SCSN_meta_analysis/frontal_cortex/prelim/04_filter_expr/data/Fullard_2021_10x_Chromium_Dorsolateral_prefrontal_cortex_expression_filtered.RDS" , "/home/rebecca/SCSN_meta_analysis/frontal_cortex/prelim/05_normalize_expr/data/Fullard_2021_10x_Chromium_Dorsolateral_prefrontal_cortex_expression_normalized.RDS" , "/home/rebecca/SCSN_meta_analysis/frontal_cortex/prelim/06_cell_metadata/data/Fullard_2021_10x_Chromium_Dorsolateral_prefrontal_cortex_barcode_annotations_MO.csv" , "/home/rebecca/SCSN_meta_analysis/frontal_cortex/prelim/07_summary_stats/data/Fullard_2021_10x_Chromium_Dorsolateral_prefrontal_cortex_cell_type_stats.csv" , "/home/rebecca/SCSN_meta_analysis/frontal_cortex/prelim/08_mean_expr/data/Fullard_2021_10x_Chromium_Dorsolateral_prefrontal_cortex_counts_mean_expression.RDS" , "/home/rebecca/SCSN_meta_analysis/frontal_cortex/prelim/08_mean_expr/data/Fullard_2021_10x_Chromium_Dorsolateral_prefrontal_cortex_normalized_counts_mean_expression.RDS" , "/home/rebecca/SCSN_meta_analysis/frontal_cortex/prelim/08_mean_expr/data/Fullard_2021_10x_Chromium_Dorsolateral_prefrontal_cortex_normalized_counts_cell_class_mean_expression.RDS" , "/home/rebecca/SCSN_meta_analysis/frontal_cortex/prelim/08_mean_expr/data/Fullard_2021_10x_Chromium_Dorsolateral_prefrontal_cortex_normalized_counts_cell_type_mean_expression.RDS" , "/home/rebecca/SCSN_meta_analysis/frontal_cortex/prelim/09_DecontX/data/Fullard_2021_10x_Chromium_Dorsolateral_prefrontal_cortex_expression_DecontX.RDS" , "/home/rebecca/SCSN_meta_analysis/frontal_cortex/prelim/09_DecontX/data/Fullard_2021_10x_Chromium_Dorsolateral_prefrontal_cortex_expression_DecontX_normalized.RDS" , "/home/rebecca/SCSN_meta_analysis/frontal_cortex/prelim/09_DecontX/data/Fullard_2021_10x_Chromium_Dorsolateral_prefrontal_cortex_DecontX_normalized_counts_cell_type_mean_expression.RDS"
"Lau"          , 2020   , 32989152   , "Normal"  , "Cortex" , "Frontal cortex" , "BA6 | BA8-9"                    , "FC"          , "Y"           , "N"                 , "10x Chromium V3" , "Lau 2020"           , "Lau_2020_10x_Chromium_V3_BA6_BA8-9"                       , "Lau BA6         , BA8-9"             , NA                     , NA                      , NA                              , NA                                                                  , "/home/shared/scsn.expr_data/human_expr/postnatal/lau_2020/"                                               , "/home/shared/scsn.expr_data/human_expr/postnatal/lau_2020/controls/matrix_controls.mtx"                     , "/home/shared/scsn.expr_data/human_expr/postnatal/lau_2020/controls/barcodes_controls.tsv"                , "/home/shared/scsn.expr_data/human_expr/postnatal/lau_2020/controls/genes_controls.tsv"                                        , NA                                                                                                                                                         , "/home/rebecca/SCSN_meta_analysis/frontal_cortex/prelim/03_map_identifiers/data/Lau_2020_10x_Chromium_V3_BA6_BA8-9_genes_mapped.csv"                          , NA                                                                                                                                                                 , NA                                                                                                                                                                 , NA                                                                                                                                                          , NA                                                                                                                                                             , NA                                                                                                                                                                        , NA                                                                                                                                                                                   , NA                                                                                                                                                                                  , NA                                                                                                                                                       , NA                                                                                                                                                                  , NA                                                                                                                                                                                        , NA
"Morabito"     , 2021   , 34239132   , "Normal"  , "Cortex" , "Frontal cortex" , "Prefrontal cortex"              , "FC"          , "Y"           , "Y"                 , "10x Chromium V3" , "Morabito 2021"      , "Morabito_2021_10x_Chromium_V3_Prefrontal_cortex"          , "Morabito PFC"   , 22796              , 34                     , 5388                    , 2128                            , "/home/shared/scsn.expr_data/human_expr/postnatal/morabito_2021/"   , "/home/shared/scsn.expr_data/human_expr/postnatal/morabito_2021/controls/matrix_controls.mtx"              , "/home/shared/scsn.expr_data/human_expr/postnatal/morabito_2021/controls/barcodes_controls.tsv"              , "/home/shared/scsn.expr_data/human_expr/postnatal/morabito_2021/controls/genes_controls.tsv"              , "/home/shared/scsn.expr_data/human_expr/postnatal/morabito_2021/controls/author_barcode_annotations_controls.csv"              , "/home/rebecca/SCSN_meta_analysis/frontal_cortex/prelim/03_map_identifiers/data/Morabito_2021_10x_Chromium_V3_Prefrontal_cortex_genes_mapped.csv"          , "/home/rebecca/SCSN_meta_analysis/frontal_cortex/prelim/04_filter_expr/data/Morabito_2021_10x_Chromium_V3_Prefrontal_cortex_expression_filtered.RDS"          , "/home/rebecca/SCSN_meta_analysis/frontal_cortex/prelim/05_normalize_expr/data/Morabito_2021_10x_Chromium_V3_Prefrontal_cortex_expression_normalized.RDS"          , "/home/rebecca/SCSN_meta_analysis/frontal_cortex/prelim/06_cell_metadata/data/Morabito_2021_10x_Chromium_V3_Prefrontal_cortex_barcode_annotations_MO.csv"          , "/home/rebecca/SCSN_meta_analysis/frontal_cortex/prelim/07_summary_stats/data/Morabito_2021_10x_Chromium_V3_Prefrontal_cortex_cell_type_stats.csv"          , "/home/rebecca/SCSN_meta_analysis/frontal_cortex/prelim/08_mean_expr/data/Morabito_2021_10x_Chromium_V3_Prefrontal_cortex_counts_mean_expression.RDS"          , "/home/rebecca/SCSN_meta_analysis/frontal_cortex/prelim/08_mean_expr/data/Morabito_2021_10x_Chromium_V3_Prefrontal_cortex_normalized_counts_mean_expression.RDS"          , "/home/rebecca/SCSN_meta_analysis/frontal_cortex/prelim/08_mean_expr/data/Morabito_2021_10x_Chromium_V3_Prefrontal_cortex_normalized_counts_cell_class_mean_expression.RDS"          , "/home/rebecca/SCSN_meta_analysis/frontal_cortex/prelim/08_mean_expr/data/Morabito_2021_10x_Chromium_V3_Prefrontal_cortex_normalized_counts_cell_type_mean_expression.RDS"          , "/home/rebecca/SCSN_meta_analysis/frontal_cortex/prelim/09_DecontX/data/Morabito_2021_10x_Chromium_V3_Prefrontal_cortex_expression_DecontX.RDS"          , "/home/rebecca/SCSN_meta_analysis/frontal_cortex/prelim/09_DecontX/data/Morabito_2021_10x_Chromium_V3_Prefrontal_cortex_expression_DecontX_normalized.RDS"          , "/home/rebecca/SCSN_meta_analysis/frontal_cortex/prelim/09_DecontX/data/Morabito_2021_10x_Chromium_V3_Prefrontal_cortex_DecontX_normalized_counts_cell_type_mean_expression.RDS"
"Luo"          , 2019   , 35419551   , "Normal"  , "Cortex" , "Frontal cortex" , "BA10"                           , "FC"          , "Y"           , "N"                 , "snmCAT-seq"      , "Luo 2019"           , "Luo_2019_snmCAT-seq_BA10"                                 , "Luo BA10"       , 4252               , 22                     , 50363.5                 , 3248                            , "/home/shared/scsn.expr_data/human_expr/postnatal/luo_2019/"        , "/home/shared/scsn.expr_data/human_expr/postnatal/luo_2019/snmC2T/matrix.mtx"                              , "/home/shared/scsn.expr_data/human_expr/postnatal/luo_2019/snmC2T/barcodes.tsv"                              , "/home/shared/scsn.expr_data/human_expr/postnatal/luo_2019/snmC2T/genes.tsv"                              , "/home/shared/scsn.expr_data/human_expr/postnatal/luo_2019/snmC2T/author_barcode_annotations.csv"                              , "/home/rebecca/SCSN_meta_analysis/frontal_cortex/prelim/03_map_identifiers/data/Luo_2019_snmCAT-seq_BA10_genes_mapped.csv"                                 , "/home/rebecca/SCSN_meta_analysis/frontal_cortex/prelim/04_filter_expr/data/Luo_2019_snmCAT-seq_BA10_expression_filtered.RDS"                                 , "/home/rebecca/SCSN_meta_analysis/frontal_cortex/prelim/05_normalize_expr/data/Luo_2019_snmCAT-seq_BA10_expression_normalized.RDS"                                 , "/home/rebecca/SCSN_meta_analysis/frontal_cortex/prelim/06_cell_metadata/data/Luo_2019_snmCAT-seq_BA10_barcode_annotations_MO.csv"                                 , "/home/rebecca/SCSN_meta_analysis/frontal_cortex/prelim/07_summary_stats/data/Luo_2019_snmCAT-seq_BA10_cell_type_stats.csv"                                 , "/home/rebecca/SCSN_meta_analysis/frontal_cortex/prelim/08_mean_expr/data/Luo_2019_snmCAT-seq_BA10_counts_mean_expression.RDS"                                 , "/home/rebecca/SCSN_meta_analysis/frontal_cortex/prelim/08_mean_expr/data/Luo_2019_snmCAT-seq_BA10_normalized_counts_mean_expression.RDS"                                 , "/home/rebecca/SCSN_meta_analysis/frontal_cortex/prelim/08_mean_expr/data/Luo_2019_snmCAT-seq_BA10_normalized_counts_cell_class_mean_expression.RDS"                                 , "/home/rebecca/SCSN_meta_analysis/frontal_cortex/prelim/08_mean_expr/data/Luo_2019_snmCAT-seq_BA10_normalized_counts_cell_type_mean_expression.RDS"                                 , "/home/rebecca/SCSN_meta_analysis/frontal_cortex/prelim/09_DecontX/data/Luo_2019_snmCAT-seq_BA10_expression_DecontX.RDS"                                 , "/home/rebecca/SCSN_meta_analysis/frontal_cortex/prelim/09_DecontX/data/Luo_2019_snmCAT-seq_BA10_expression_DecontX_normalized.RDS"                                 , "/home/rebecca/SCSN_meta_analysis/frontal_cortex/prelim/09_DecontX/data/Luo_2019_snmCAT-seq_BA10_DecontX_normalized_counts_cell_type_mean_expression.RDS"
"Luo"          , 2019   , 35419551   , "Normal"  , "Cortex" , "Frontal cortex" , "BA44-46"                        , "FC"          , "Y"           , "N"                 , "10x Chromium V3" , "Luo 2019"           , "Luo_2019_10x_Chromium_V3_BA44-46"                         , "Luo BA44-46"    , 23379              , 75                     , 20014                   , 5684                            , "/home/shared/scsn.expr_data/human_expr/postnatal/luo_2019/"        , "/home/shared/scsn.expr_data/human_expr/postnatal/luo_2019/10x/human_BA44-46_umi.mtx"                      , "/home/shared/scsn.expr_data/human_expr/postnatal/luo_2019/10x/barcodes.tsv"                                 , "/home/shared/scsn.expr_data/human_expr/postnatal/luo_2019/10x/genes.tsv"                                 , "/home/shared/scsn.expr_data/human_expr/postnatal/luo_2019/10x/author_barcode_annotations.csv"                                 , "/home/rebecca/SCSN_meta_analysis/frontal_cortex/prelim/03_map_identifiers/data/Luo_2019_10x_Chromium_V3_BA44-46_genes_mapped.csv"                         , "/home/rebecca/SCSN_meta_analysis/frontal_cortex/prelim/04_filter_expr/data/Luo_2019_10x_Chromium_V3_BA44-46_expression_filtered.RDS"                         , "/home/rebecca/SCSN_meta_analysis/frontal_cortex/prelim/05_normalize_expr/data/Luo_2019_10x_Chromium_V3_BA44-46_expression_normalized.RDS"                         , "/home/rebecca/SCSN_meta_analysis/frontal_cortex/prelim/06_cell_metadata/data/Luo_2019_10x_Chromium_V3_BA44-46_barcode_annotations_MO.csv"                         , "/home/rebecca/SCSN_meta_analysis/frontal_cortex/prelim/07_summary_stats/data/Luo_2019_10x_Chromium_V3_BA44-46_cell_type_stats.csv"                         , "/home/rebecca/SCSN_meta_analysis/frontal_cortex/prelim/08_mean_expr/data/Luo_2019_10x_Chromium_V3_BA44-46_counts_mean_expression.RDS"                         , "/home/rebecca/SCSN_meta_analysis/frontal_cortex/prelim/08_mean_expr/data/Luo_2019_10x_Chromium_V3_BA44-46_normalized_counts_mean_expression.RDS"                         , "/home/rebecca/SCSN_meta_analysis/frontal_cortex/prelim/08_mean_expr/data/Luo_2019_10x_Chromium_V3_BA44-46_normalized_counts_cell_class_mean_expression.RDS"                         , "/home/rebecca/SCSN_meta_analysis/frontal_cortex/prelim/08_mean_expr/data/Luo_2019_10x_Chromium_V3_BA44-46_normalized_counts_cell_type_mean_expression.RDS"                         , "/home/rebecca/SCSN_meta_analysis/frontal_cortex/prelim/09_DecontX/data/Luo_2019_10x_Chromium_V3_BA44-46_expression_DecontX.RDS"                         , "/home/rebecca/SCSN_meta_analysis/frontal_cortex/prelim/09_DecontX/data/Luo_2019_10x_Chromium_V3_BA44-46_expression_DecontX_normalized.RDS"                         , "/home/rebecca/SCSN_meta_analysis/frontal_cortex/prelim/09_DecontX/data/Luo_2019_10x_Chromium_V3_BA44-46_DecontX_normalized_counts_cell_type_mean_expression.RDS"
